customer_id,age,gender,country,customer_tenure_months,total_purchases,total_spend,avg_order_value,last_purchase_days_ago,product_preference,device_type,newsletter_subscribed,customer_reviews,website_visits,return_rate,cart_abandonment_rate,avg_session_duration_minutes,login_frequency,wishlist_items,purchase_frequency
1000,56,M,UK,7,19,16101,484,278,Home,Tablet,No,35,287,23.54,27.37,25.73,20,2,Regular
1001,69,F,UK,93,80,1068,516,88,Beauty,Desktop,Yes,25,163,29.83,91.18,7.68,19,15,Frequent
1002,46,F,UK,8,40,14946,719,177,Electronics,Mobile,Yes,85,140,18.16,9.75,11.14,7,14,Frequent
1003,32,F,India,65,92,381,414,196,Home,Desktop,No,3,453,9.24,85.33,33.29,45,9,Frequent
1004,60,M,India,57,97,15460,722,306,Electronics,Mobile,Yes,94,313,25.13,32.82,10.71,30,8,Frequent
1005,25,M,Canada,119,59,6362,327,266,Home,Desktop,Yes,81,127,18.43,5.38,4.77,49,10,Frequent
1006,38,F,Canada,67,59,1158,787,267,Fashion,Tablet,Yes,63,397,17.44,66.94,19.73,28,15,Frequent
1007,56,F,UK,88,48,20777,202,73,Home,Mobile,Yes,37,420,7.61,23.13,14.0,47,9,Frequent
1008,36,M,Australia,87,41,10824,648,7,Beauty,Mobile,Yes,87,367,22.69,24.36,31.4,8,16,Frequent
1009,40,F,USA,59,13,5278,529,296,Home,Mobile,Yes,86,462,2.45,30.6,7.04,14,18,Occasional
1010,28,F,India,72,107,7080,727,163,Electronics,Tablet,No,21,238,27.73,6.37,45.35,29,1,Frequent
1011,28,F,Australia,54,45,9300,565,84,Electronics,Desktop,Yes,1,323,9.77,17.71,54.47,25,1,Frequent
1012,41,M,Germany,111,89,1329,583,71,Home,Tablet,No,30,295,3.83,0.51,44.86,9,5,Frequent
1013,70,M,India,101,53,21069,643,54,Beauty,Mobile,No,10,186,13.27,44.54,32.44,28,18,Frequent
1014,53,M,India,67,42,8567,783,46,Fashion,Desktop,Yes,91,207,1.27,8.43,51.78,15,7,Frequent
1015,57,F,Canada,51,100,19224,613,237,Beauty,Tablet,No,45,219,20.54,68.27,42.0,35,2,Frequent
1016,41,F,USA,97,63,2389,763,103,Fashion,Mobile,Yes,95,399,27.08,23.56,1.62,19,13,Frequent
1017,20,F,USA,92,27,1339,246,209,Electronics,Mobile,Yes,61,189,25.12,94.36,24.25,44,15,Regular
1018,39,M,Germany,111,38,5470,764,41,Beauty,Tablet,Yes,68,387,3.82,87.13,51.21,36,0,Regular
1019,70,F,Germany,8,60,16270,752,315,Fashion,Tablet,No,63,428,3.79,28.94,21.41,21,2,Frequent
1020,19,F,India,34,7,225,455,267,Home,Tablet,Yes,9,345,24.4,78.32,3.08,6,17,Occasional
1021,41,F,UK,35,5,12604,441,262,Electronics,Mobile,Yes,39,283,27.73,80.32,45.02,22,8,Occasional
1022,61,F,Canada,96,107,23957,573,335,Home,Tablet,No,23,351,13.82,98.66,48.32,40,5,Frequent
1023,47,M,Canada,88,45,15498,40,364,Electronics,Mobile,Yes,98,236,14.97,59.78,10.48,39,0,Frequent
1024,55,M,India,78,58,21826,573,258,Beauty,Tablet,Yes,43,193,9.55,8.2,32.7,28,9,Frequent
1025,19,F,Australia,32,115,23835,416,282,Beauty,Mobile,Yes,59,286,26.83,64.68,12.33,15,5,Frequent
1026,38,M,UK,46,31,6738,644,113,Electronics,Mobile,No,61,258,19.35,62.5,43.43,37,11,Regular
1027,50,M,India,107,23,6670,124,362,Electronics,Desktop,No,86,245,8.65,63.84,17.02,27,3,Regular
1028,29,F,UK,16,42,3349,211,39,Electronics,Tablet,Yes,16,135,8.96,30.71,19.66,47,12,Frequent
1029,39,F,UK,68,10,9210,36,219,Beauty,Tablet,Yes,64,279,26.74,85.97,50.85,37,16,Occasional
1030,61,M,UK,116,32,7695,139,128,Fashion,Mobile,Yes,94,270,0.41,95.95,29.1,30,7,Regular
1031,42,F,India,37,107,13705,412,7,Home,Mobile,No,94,170,9.68,21.77,40.52,13,19,Frequent
1032,66,M,Canada,54,53,12215,444,100,Home,Mobile,Yes,56,158,16.63,8.82,24.74,32,2,Frequent
1033,44,F,Canada,85,30,6394,148,175,Beauty,Desktop,Yes,54,200,4.45,19.45,18.58,8,11,Regular
1034,59,M,UK,14,39,23011,149,106,Home,Desktop,Yes,52,486,2.76,82.06,37.9,26,6,Regular
1035,45,F,Australia,95,31,5857,591,100,Electronics,Mobile,Yes,55,44,24.46,67.66,10.14,23,11,Regular
1036,33,M,USA,55,82,12695,579,259,Fashion,Tablet,Yes,97,449,26.83,63.6,23.01,12,1,Frequent
1037,32,M,India,48,100,2069,48,245,Home,Tablet,Yes,8,263,24.71,40.18,13.33,25,13,Frequent
1038,64,M,USA,82,2,11085,116,274,Fashion,Desktop,Yes,21,70,26.96,57.78,42.05,28,4,Rare
1039,68,F,Australia,7,78,17375,29,31,Electronics,Desktop,No,12,363,16.59,30.79,56.71,48,8,Frequent
1040,61,M,India,74,77,4570,261,136,Home,Mobile,Yes,88,370,24.37,47.72,59.74,42,10,Frequent
1041,72,M,UK,7,93,23659,251,11,Beauty,Tablet,No,47,102,11.52,79.31,27.57,27,4,Frequent
1042,69,F,Canada,33,12,10325,303,301,Fashion,Mobile,Yes,17,489,19.99,98.12,15.9,27,2,Occasional
1043,74,F,USA,23,39,9656,734,15,Electronics,Desktop,No,75,124,29.67,93.25,27.13,7,16,Regular
1044,20,M,Germany,85,66,24804,778,128,Fashion,Tablet,No,39,312,6.77,93.39,50.99,22,1,Frequent
1045,54,M,Germany,19,96,9306,795,62,Home,Tablet,Yes,16,463,11.7,40.22,13.15,28,0,Frequent
1046,68,F,Australia,112,13,10091,745,108,Home,Desktop,Yes,14,482,14.4,46.88,57.17,4,6,Occasional
1047,24,F,UK,19,46,23296,219,20,Beauty,Mobile,No,14,285,4.14,70.56,21.17,41,13,Frequent
1048,38,F,USA,36,27,7619,98,157,Electronics,Mobile,Yes,78,457,2.43,92.22,59.16,6,4,Regular
1049,26,F,UK,29,113,13769,192,268,Electronics,Tablet,No,62,229,24.89,14.2,50.48,41,18,Frequent
1050,56,F,USA,60,105,4712,486,161,Beauty,Desktop,Yes,38,145,29.3,30.42,48.71,35,10,Frequent
1051,35,M,Australia,82,17,12473,600,259,Beauty,Tablet,No,12,369,12.14,13.92,19.76,40,1,Regular
1052,21,F,Australia,2,104,17682,435,101,Electronics,Desktop,Yes,80,196,2.63,61.2,1.52,26,7,Frequent
1053,42,M,Germany,1,95,15652,468,222,Fashion,Mobile,No,31,372,1.97,30.63,23.55,45,8,Frequent
1054,31,M,UK,47,98,14746,106,58,Fashion,Desktop,No,8,220,26.74,32.61,18.81,1,2,Frequent
1055,67,M,India,69,60,5338,120,246,Beauty,Mobile,No,39,422,13.91,7.09,3.21,24,1,Frequent
1056,26,F,Germany,20,64,15677,27,127,Fashion,Desktop,Yes,19,59,9.6,34.98,30.82,8,6,Frequent
1057,43,M,UK,11,88,22573,219,282,Electronics,Tablet,No,89,97,14.29,86.25,24.78,26,4,Frequent
1058,70,M,Germany,106,109,22741,524,324,Home,Mobile,Yes,90,170,9.55,23.31,38.44,0,4,Frequent
1059,19,F,India,2,35,15604,106,24,Home,Tablet,No,84,381,14.67,69.52,37.65,22,19,Regular
1060,37,M,Canada,67,112,24189,62,130,Fashion,Tablet,Yes,81,172,25.79,62.96,8.12,9,12,Frequent
1061,45,M,Canada,87,70,3819,404,352,Beauty,Mobile,No,76,150,17.77,86.35,58.64,41,19,Frequent
1062,64,F,Canada,119,83,402,640,195,Beauty,Mobile,Yes,79,452,20.84,13.23,12.03,24,5,Frequent
1063,24,M,Canada,12,30,12244,454,280,Beauty,Tablet,No,72,349,10.94,97.76,27.27,2,19,Regular
1064,61,M,USA,20,71,17470,427,153,Beauty,Tablet,No,62,389,22.16,58.26,29.8,5,17,Frequent
1065,25,M,Canada,5,74,10155,502,132,Beauty,Tablet,No,75,439,20.0,99.55,48.97,5,1,Frequent
1066,64,F,India,37,105,4540,683,226,Fashion,Tablet,Yes,43,121,3.59,91.15,6.85,1,5,Frequent
1067,52,F,Australia,38,96,21393,36,188,Home,Mobile,Yes,37,493,17.18,22.15,26.29,17,8,Frequent
1068,31,F,Australia,94,98,3172,664,264,Home,Mobile,No,82,107,7.7,5.62,38.08,22,2,Frequent
1069,34,M,USA,9,63,13698,167,133,Fashion,Tablet,Yes,59,3,24.12,25.56,13.69,1,0,Frequent
1070,53,M,Canada,98,28,14387,296,210,Beauty,Desktop,Yes,70,92,12.78,52.76,38.02,11,0,Regular
1071,67,F,Canada,53,60,14065,251,59,Fashion,Desktop,No,98,406,29.84,17.16,55.5,21,18,Frequent
1072,57,M,Canada,44,79,19608,385,363,Home,Mobile,No,47,5,2.78,16.75,59.85,36,4,Frequent
1073,21,M,Germany,99,94,9619,247,363,Electronics,Tablet,Yes,17,287,23.41,46.26,2.91,19,12,Frequent
1074,19,F,UK,116,37,13480,670,212,Fashion,Tablet,No,15,105,20.21,3.33,14.9,38,18,Regular
1075,23,F,Germany,86,93,11965,455,215,Beauty,Mobile,No,54,145,23.02,12.19,19.31,23,11,Frequent
1076,71,M,UK,108,22,8225,418,225,Home,Desktop,Yes,38,270,9.23,41.59,24.55,47,15,Regular
1077,59,M,Canada,24,68,3391,230,130,Home,Desktop,No,67,423,14.76,6.31,15.29,19,18,Frequent
1078,21,M,Canada,81,20,4133,410,75,Home,Desktop,Yes,58,377,23.9,39.68,13.01,0,2,Regular
1079,71,F,Germany,74,96,5205,518,285,Home,Mobile,Yes,88,95,6.98,47.4,57.32,0,11,Frequent
1080,46,F,Germany,30,100,17187,559,276,Beauty,Desktop,Yes,95,456,6.78,45.13,55.19,16,4,Frequent
1081,35,F,UK,59,114,8233,582,155,Electronics,Mobile,Yes,61,228,16.53,86.92,3.77,0,1,Frequent
1082,43,F,Australia,110,68,17058,510,247,Home,Mobile,No,12,201,15.71,53.01,20.99,44,6,Frequent
1083,61,M,UK,87,91,5804,461,217,Fashion,Tablet,Yes,80,211,8.47,46.8,24.9,29,12,Frequent
1084,51,F,Germany,96,64,7948,280,189,Electronics,Desktop,Yes,5,5,8.94,41.07,15.1,40,14,Frequent
1085,27,F,India,81,17,21692,792,162,Home,Mobile,Yes,82,111,8.34,81.76,38.1,46,2,Regular
1086,53,F,Germany,114,12,13075,369,179,Electronics,Desktop,Yes,76,375,23.15,89.51,38.78,2,19,Occasional
1087,31,F,India,115,22,7024,371,33,Fashion,Desktop,Yes,59,378,19.56,85.32,51.18,45,4,Regular
1088,48,F,USA,81,17,20312,539,40,Home,Tablet,Yes,89,446,24.97,67.35,44.71,10,7,Regular
1089,65,M,Germany,14,10,19714,339,306,Fashion,Desktop,Yes,13,322,29.26,13.74,33.01,23,0,Occasional
1090,32,M,USA,9,118,588,157,337,Beauty,Tablet,No,94,105,14.22,27.69,39.56,21,7,Frequent
1091,25,F,Australia,40,65,7214,569,313,Home,Mobile,Yes,53,138,2.0,4.61,17.17,43,17,Frequent
1092,31,M,UK,66,22,15840,642,74,Home,Desktop,Yes,3,298,1.44,93.08,35.99,44,19,Regular
1093,40,F,India,109,90,3273,387,278,Home,Mobile,Yes,38,400,8.87,66.08,29.86,25,15,Frequent
1094,74,F,UK,25,82,1767,239,175,Home,Desktop,No,71,95,27.98,74.64,8.87,12,17,Frequent
1095,57,M,USA,103,50,4214,356,149,Beauty,Mobile,Yes,24,387,15.7,31.16,15.31,0,19,Frequent
1096,38,M,India,73,14,3653,242,272,Home,Desktop,Yes,76,446,8.15,84.57,18.21,23,11,Occasional
1097,33,F,UK,118,64,7861,667,324,Electronics,Desktop,Yes,31,451,11.98,25.96,55.53,9,12,Frequent
1098,62,F,Germany,22,47,1100,787,107,Home,Desktop,No,58,336,17.96,0.16,14.59,34,12,Frequent
1099,35,F,Canada,107,29,15738,379,138,Beauty,Desktop,Yes,62,296,19.59,37.64,18.07,23,9,Regular
1100,64,M,USA,110,76,17872,348,349,Home,Desktop,No,37,466,4.62,57.08,22.79,27,6,Frequent
1101,70,F,UK,4,36,5550,482,270,Electronics,Desktop,Yes,91,388,29.31,47.87,40.16,35,13,Regular
1102,41,F,USA,26,99,3812,580,346,Beauty,Desktop,Yes,52,415,16.34,86.21,7.98,15,15,Frequent
1103,43,F,USA,58,52,1467,401,288,Beauty,Desktop,No,93,213,4.07,10.54,57.28,39,14,Frequent
1104,42,M,India,29,76,8289,609,211,Electronics,Desktop,Yes,66,453,26.81,55.38,52.07,15,11,Frequent
1105,62,F,India,109,7,9113,636,271,Electronics,Mobile,No,27,290,2.24,51.3,35.06,16,8,Occasional
1106,58,F,Canada,98,29,16938,188,65,Electronics,Tablet,No,2,21,27.23,28.14,40.77,14,7,Regular
1107,46,M,Germany,87,11,19256,236,247,Electronics,Desktop,No,97,192,29.9,82.22,1.98,15,17,Occasional
1108,32,F,USA,37,33,3826,397,155,Electronics,Tablet,Yes,79,467,21.01,75.28,21.0,14,17,Regular
1109,62,F,UK,75,6,23716,138,46,Beauty,Desktop,No,21,149,23.11,73.29,47.94,33,12,Occasional
1110,18,M,Australia,70,111,4906,209,200,Beauty,Desktop,Yes,95,367,10.12,87.62,5.57,10,17,Frequent
1111,42,F,USA,18,79,2290,786,147,Home,Mobile,No,37,246,28.25,72.28,17.66,0,14,Frequent
1112,24,M,USA,85,32,9208,389,123,Home,Mobile,No,71,266,15.89,23.18,35.53,14,3,Regular
1113,26,M,Canada,42,51,12278,797,0,Fashion,Tablet,No,71,460,21.97,70.56,16.13,25,16,Frequent
1114,41,F,Germany,100,75,2975,168,246,Home,Mobile,Yes,61,250,27.72,30.77,56.1,3,4,Frequent
1115,18,F,Australia,41,58,5692,695,342,Home,Mobile,Yes,56,489,29.26,24.22,8.73,42,15,Frequent
1116,61,F,India,38,87,17924,671,127,Electronics,Tablet,Yes,5,2,25.0,7.3,48.05,4,8,Frequent
1117,25,F,India,34,26,12692,507,190,Electronics,Mobile,No,77,392,9.09,74.4,30.97,34,9,Regular
1118,41,M,UK,17,98,9027,789,66,Home,Desktop,Yes,31,315,29.0,71.1,45.27,12,17,Frequent
1119,28,F,Australia,37,46,22543,393,3,Fashion,Tablet,Yes,98,75,18.84,23.45,19.33,9,16,Frequent
1120,68,M,India,25,98,14537,712,302,Electronics,Tablet,No,9,86,27.92,74.94,31.35,10,17,Frequent
1121,34,F,UK,102,29,11630,179,293,Home,Desktop,Yes,2,269,20.28,91.78,51.55,17,6,Regular
1122,25,F,Germany,76,4,7110,370,142,Home,Mobile,Yes,58,224,9.22,10.8,28.55,33,3,Rare
1123,52,F,UK,87,81,11307,307,190,Beauty,Tablet,Yes,75,17,11.1,23.26,22.22,38,4,Frequent
1124,52,M,India,117,99,23601,307,20,Fashion,Tablet,Yes,48,112,16.51,75.03,32.63,40,15,Frequent
1125,50,F,Canada,106,13,3089,245,226,Beauty,Desktop,Yes,58,250,23.7,27.45,43.32,41,2,Occasional
1126,22,F,Canada,86,105,12140,542,312,Fashion,Desktop,Yes,30,232,9.54,62.47,27.17,49,17,Frequent
1127,59,F,Canada,85,39,9318,541,116,Electronics,Mobile,Yes,92,328,17.39,8.12,56.39,22,13,Regular
1128,56,F,India,27,15,22712,292,301,Fashion,Tablet,Yes,68,278,10.37,45.22,18.4,6,14,Regular
1129,58,M,Canada,57,119,6571,421,141,Home,Mobile,No,61,201,24.47,73.91,29.05,38,16,Frequent
1130,45,F,Australia,31,29,2963,202,38,Home,Mobile,Yes,51,82,14.0,68.65,45.66,2,0,Regular
1131,24,M,Germany,6,29,10793,684,354,Fashion,Desktop,Yes,88,124,2.3,81.51,41.66,11,16,Regular
1132,26,M,UK,91,75,1277,507,251,Fashion,Tablet,No,40,174,4.98,87.75,51.95,6,10,Frequent
1133,25,M,UK,40,116,4860,143,332,Fashion,Tablet,Yes,30,68,1.83,77.32,59.81,48,16,Frequent
1134,29,M,India,98,32,111,645,206,Beauty,Tablet,Yes,84,46,14.98,67.16,26.18,25,13,Regular
1135,51,M,Canada,12,2,21736,433,209,Fashion,Desktop,No,83,371,3.19,3.17,7.56,32,19,Rare
1136,50,M,Canada,109,47,16453,744,114,Electronics,Desktop,No,21,255,3.42,53.5,2.79,36,18,Frequent
1137,65,F,USA,53,78,20883,191,224,Beauty,Desktop,No,3,214,28.23,3.77,43.89,47,6,Frequent
1138,72,M,Germany,71,84,11656,307,133,Beauty,Desktop,No,12,29,26.18,80.81,52.57,14,12,Frequent
1139,40,M,Australia,10,22,11663,454,250,Fashion,Desktop,No,44,280,13.56,32.07,14.02,1,17,Regular
1140,41,M,UK,45,75,14151,705,218,Electronics,Tablet,Yes,41,411,29.57,56.24,10.35,40,13,Frequent
1141,54,F,USA,17,27,11122,132,90,Beauty,Mobile,No,48,481,0.01,27.94,4.67,6,0,Regular
1142,52,F,USA,26,67,8334,141,353,Home,Tablet,Yes,19,236,18.42,78.25,49.54,31,6,Frequent
1143,61,M,India,85,81,21929,563,45,Beauty,Mobile,No,76,247,18.49,88.65,19.37,3,7,Frequent
1144,57,F,UK,92,108,16273,241,37,Fashion,Desktop,Yes,80,367,13.72,39.86,24.7,19,17,Frequent
1145,39,M,India,62,56,13278,650,141,Electronics,Mobile,Yes,53,494,11.91,86.29,30.66,49,8,Frequent
1146,44,M,Australia,46,92,6670,58,99,Fashion,Tablet,Yes,35,24,13.66,26.71,50.53,35,0,Frequent
1147,52,F,USA,64,93,24696,516,327,Home,Tablet,No,96,73,12.45,53.47,39.4,31,16,Frequent
1148,18,M,USA,2,21,506,799,189,Home,Mobile,Yes,0,205,21.91,85.88,37.29,27,18,Regular
1149,52,F,Germany,54,47,9306,252,34,Home,Desktop,No,14,489,4.06,32.59,11.36,12,5,Frequent
1150,54,F,Australia,107,80,4531,549,146,Fashion,Desktop,No,76,493,5.93,95.4,31.28,0,2,Frequent
1151,64,M,USA,65,101,21727,168,29,Beauty,Tablet,Yes,16,313,5.42,12.19,43.21,34,4,Frequent
1152,31,M,Australia,51,59,6642,416,333,Fashion,Mobile,No,23,93,7.87,1.83,58.42,47,1,Frequent
1153,20,F,UK,53,84,23420,680,83,Electronics,Desktop,No,57,374,15.76,90.41,12.88,29,19,Frequent
1154,18,M,Canada,36,6,9006,657,280,Beauty,Desktop,No,71,126,3.34,6.86,1.56,35,3,Occasional
1155,22,M,USA,115,19,4246,321,343,Home,Tablet,Yes,90,424,26.05,99.19,5.44,24,9,Regular
1156,43,M,Germany,26,57,12146,379,269,Fashion,Desktop,Yes,22,24,8.92,95.14,23.18,15,9,Frequent
1157,72,F,UK,29,69,12711,257,153,Home,Mobile,Yes,45,333,4.88,13.7,49.41,18,10,Frequent
1158,31,F,Australia,21,3,13176,666,101,Home,Tablet,Yes,71,354,20.27,53.76,1.42,0,15,Rare
1159,56,M,India,11,1,16624,682,214,Electronics,Tablet,No,7,115,1.14,18.49,27.95,4,16,Rare
1160,44,F,UK,40,58,4982,255,149,Beauty,Mobile,Yes,58,47,18.6,42.82,20.42,21,15,Frequent
1161,26,F,USA,11,38,14213,755,82,Electronics,Tablet,No,89,225,20.95,6.14,4.1,23,6,Regular
1162,32,F,Australia,36,15,13745,222,109,Electronics,Desktop,Yes,58,265,6.45,22.39,27.56,42,15,Regular
1163,32,F,Canada,113,34,6112,275,274,Electronics,Desktop,Yes,12,98,1.26,36.33,16.03,44,2,Regular
1164,43,F,UK,59,61,17447,617,200,Home,Mobile,No,38,458,10.91,43.86,21.76,36,15,Frequent
1165,59,M,USA,39,35,7251,681,283,Electronics,Desktop,No,27,10,2.96,97.75,42.63,35,7,Regular
1166,30,M,Germany,104,64,3710,254,172,Electronics,Mobile,Yes,88,84,3.49,80.79,31.77,35,11,Frequent
1167,68,M,India,99,113,9984,364,326,Beauty,Mobile,Yes,60,404,7.63,73.74,8.35,3,2,Frequent
1168,49,F,Australia,54,25,6994,553,205,Beauty,Desktop,Yes,15,213,8.86,53.7,57.72,35,16,Regular
1169,56,F,UK,98,24,13567,485,62,Electronics,Mobile,Yes,1,172,15.9,84.0,38.52,17,17,Regular
1170,66,M,UK,55,12,23795,789,72,Beauty,Desktop,Yes,81,390,20.35,33.93,46.19,49,10,Occasional
1171,69,F,Canada,111,18,16589,560,250,Beauty,Tablet,Yes,16,208,17.78,70.89,5.67,15,3,Regular
1172,49,M,Canada,24,15,22023,232,123,Electronics,Tablet,Yes,29,447,4.45,99.38,3.78,40,15,Regular
1173,21,M,Germany,118,108,9973,482,120,Home,Mobile,No,12,381,5.16,31.46,2.15,17,16,Frequent
1174,47,M,India,22,80,12389,455,274,Electronics,Desktop,Yes,95,63,26.36,67.4,12.14,21,8,Frequent
1175,54,F,Germany,69,27,12308,302,119,Beauty,Desktop,Yes,92,257,16.75,84.43,25.45,1,5,Regular
1176,40,F,USA,56,72,10928,581,316,Home,Tablet,Yes,93,331,26.1,91.58,56.21,20,19,Frequent
1177,56,M,USA,33,60,23271,626,163,Fashion,Tablet,No,81,120,11.15,71.79,27.97,35,1,Frequent
1178,62,M,Germany,36,46,2237,482,285,Home,Desktop,No,12,297,18.43,28.36,18.13,43,8,Frequent
1179,32,M,India,111,89,20929,426,264,Beauty,Mobile,Yes,42,465,15.71,32.63,34.15,38,5,Frequent
1180,60,M,Germany,20,17,20014,107,319,Home,Tablet,No,84,53,9.57,2.08,7.6,46,2,Regular
1181,46,F,India,83,93,1386,63,160,Electronics,Mobile,Yes,93,330,14.1,76.09,36.96,38,19,Frequent
1182,53,F,India,99,53,15810,480,307,Fashion,Mobile,Yes,20,271,15.07,4.27,34.54,28,5,Frequent
1183,30,M,Australia,116,8,11471,297,88,Fashion,Tablet,Yes,54,240,6.02,86.47,47.73,25,6,Occasional
1184,49,M,India,107,79,16045,702,141,Fashion,Mobile,Yes,80,242,9.45,11.87,59.21,20,0,Frequent
1185,24,F,Canada,81,27,7152,440,202,Beauty,Mobile,No,39,17,23.74,17.19,15.8,16,0,Regular
1186,68,F,India,62,46,3754,720,308,Beauty,Desktop,No,82,482,27.47,47.65,31.07,15,4,Frequent
1187,39,M,India,109,50,23586,372,226,Fashion,Mobile,Yes,14,186,10.79,73.79,54.62,30,5,Frequent
1188,45,M,India,107,116,18843,715,333,Home,Desktop,No,72,345,9.21,13.9,47.33,8,12,Frequent
1189,19,M,USA,98,71,15700,534,221,Fashion,Tablet,Yes,51,143,5.86,44.01,29.76,30,1,Frequent
1190,59,F,Canada,73,3,24589,722,40,Home,Tablet,Yes,73,261,20.35,48.29,56.78,13,14,Rare
1191,62,F,Canada,26,93,8736,649,195,Home,Desktop,Yes,94,440,9.69,21.23,4.38,48,14,Frequent
1192,74,F,Germany,66,64,6541,38,67,Beauty,Tablet,Yes,52,363,29.63,11.56,55.93,36,12,Frequent
1193,70,M,Australia,117,44,21531,42,263,Home,Mobile,Yes,86,490,9.77,83.64,3.98,1,13,Frequent
1194,23,M,India,73,53,24711,432,1,Fashion,Mobile,Yes,51,430,11.82,50.25,33.29,47,6,Frequent
1195,45,F,UK,73,24,21687,49,360,Beauty,Mobile,Yes,29,238,18.1,1.44,53.54,45,13,Regular
1196,45,F,Australia,40,60,9767,127,124,Electronics,Tablet,Yes,32,303,24.05,80.3,16.5,13,9,Frequent
1197,61,M,Australia,17,3,12249,386,109,Electronics,Mobile,No,56,297,14.09,98.08,28.86,32,16,Rare
1198,61,F,Canada,1,20,1898,300,85,Beauty,Tablet,Yes,51,75,12.68,60.59,20.14,34,13,Regular
1199,37,F,Australia,89,46,9700,147,119,Fashion,Mobile,No,8,187,29.87,50.37,57.18,38,7,Frequent
1200,47,M,India,61,15,21775,248,126,Electronics,Desktop,Yes,53,332,0.31,87.84,49.6,46,3,Regular
1201,28,F,India,43,25,5595,130,254,Electronics,Tablet,No,0,387,26.85,95.25,42.83,19,15,Regular
1202,72,M,USA,104,94,10000,155,182,Home,Tablet,No,43,486,4.47,75.45,35.67,1,12,Frequent
1203,45,M,India,42,78,13773,381,15,Home,Mobile,No,98,245,23.58,44.55,49.41,40,19,Frequent
1204,42,M,India,25,71,11230,205,61,Fashion,Tablet,Yes,74,129,18.54,59.22,24.14,18,17,Frequent
1205,56,M,Canada,39,17,22768,675,157,Beauty,Tablet,No,97,473,10.26,70.09,27.41,36,13,Regular
1206,50,M,India,35,108,15322,603,267,Fashion,Desktop,Yes,79,314,26.22,19.43,44.07,17,17,Frequent
1207,18,M,USA,3,84,23769,148,34,Beauty,Desktop,Yes,8,410,0.39,44.72,22.11,15,4,Frequent
1208,74,M,UK,114,100,1400,280,266,Electronics,Mobile,Yes,31,282,6.8,82.98,4.77,3,8,Frequent
1209,44,F,Canada,101,9,23353,534,63,Home,Desktop,Yes,14,78,17.01,65.47,5.39,11,2,Occasional
1210,74,M,UK,108,38,9535,468,49,Fashion,Mobile,Yes,11,71,10.55,41.12,7.81,28,7,Regular
1211,69,M,Canada,44,48,19581,123,254,Fashion,Mobile,No,96,262,18.31,66.34,52.31,6,19,Frequent
1212,30,F,Germany,51,60,4716,502,148,Beauty,Mobile,No,77,190,0.72,11.82,28.86,13,9,Frequent
1213,58,F,Australia,94,63,16493,243,324,Beauty,Tablet,Yes,56,366,3.49,40.15,43.06,11,18,Frequent
1214,20,F,Germany,102,86,10717,510,303,Fashion,Desktop,No,7,374,3.81,79.31,24.18,34,2,Frequent
1215,56,M,India,98,118,5852,492,275,Beauty,Mobile,Yes,71,429,5.68,22.05,16.26,4,10,Frequent
1216,23,F,UK,12,117,9952,29,356,Fashion,Desktop,No,26,62,13.78,18.6,21.48,16,10,Frequent
1217,25,M,India,19,117,6395,424,171,Fashion,Mobile,Yes,61,487,22.56,95.08,47.86,41,16,Frequent
1218,44,M,Australia,101,2,21299,321,200,Fashion,Desktop,Yes,11,379,27.17,20.99,37.89,31,15,Rare
1219,26,M,Canada,44,88,17556,250,323,Electronics,Desktop,No,64,11,25.06,26.09,56.32,9,6,Frequent
1220,54,M,Australia,59,72,3325,750,34,Beauty,Mobile,No,41,140,5.91,96.96,41.1,42,3,Frequent
1221,50,F,USA,49,11,1416,85,215,Home,Tablet,No,61,253,13.23,73.47,34.64,16,18,Occasional
1222,68,F,Australia,61,64,22183,131,64,Home,Desktop,No,10,42,5.98,69.96,37.0,4,11,Frequent
1223,59,M,USA,17,77,12437,32,7,Beauty,Tablet,No,42,16,7.93,85.29,56.6,44,14,Frequent
1224,61,M,Australia,74,81,6907,412,300,Fashion,Tablet,No,94,62,15.11,11.58,47.5,41,10,Frequent
1225,41,M,USA,57,72,23158,519,342,Home,Mobile,No,16,252,2.04,70.6,2.42,8,4,Frequent
1226,32,F,UK,55,21,3783,617,331,Home,Mobile,No,96,464,6.55,50.37,32.51,48,4,Regular
1227,71,M,India,113,18,7327,253,75,Beauty,Mobile,Yes,31,375,28.06,82.92,41.61,32,14,Regular
1228,49,M,India,47,94,3373,621,173,Home,Desktop,No,92,291,13.98,50.81,45.17,35,17,Frequent
1229,49,F,Germany,12,64,23484,333,46,Fashion,Mobile,Yes,84,468,13.36,62.02,13.58,35,10,Frequent
1230,41,F,India,62,82,245,585,14,Beauty,Mobile,No,84,7,0.44,47.77,52.16,17,11,Frequent
1231,58,M,Canada,80,110,5110,31,360,Fashion,Desktop,No,39,324,7.42,47.82,57.39,8,1,Frequent
1232,69,F,Australia,88,111,16135,228,146,Home,Desktop,No,22,89,25.99,76.8,14.97,28,19,Frequent
1233,66,F,Germany,83,95,3140,33,25,Home,Mobile,No,55,207,4.94,62.86,53.07,49,14,Frequent
1234,66,M,Canada,8,38,9754,652,307,Fashion,Mobile,No,5,291,12.45,63.33,6.72,13,19,Regular
1235,69,F,Canada,95,32,16966,437,92,Electronics,Mobile,Yes,85,283,0.43,45.03,4.29,24,3,Regular
1236,29,M,USA,21,11,19663,456,231,Home,Mobile,No,49,117,14.35,53.11,8.62,14,17,Occasional
1237,56,F,India,81,45,17733,396,20,Electronics,Tablet,Yes,36,348,0.63,74.57,4.41,5,5,Frequent
1238,19,M,UK,87,89,17114,39,306,Home,Tablet,Yes,63,174,24.59,82.59,50.86,41,18,Frequent
1239,20,M,UK,101,33,15096,606,37,Electronics,Mobile,Yes,53,75,24.75,69.66,4.48,28,10,Regular
1240,66,M,Germany,118,102,16436,774,275,Electronics,Tablet,Yes,71,100,23.63,92.41,17.03,14,1,Frequent
1241,54,F,UK,80,41,8953,754,156,Electronics,Desktop,Yes,48,413,8.5,82.03,7.12,28,7,Frequent
1242,66,M,Australia,70,8,11795,89,178,Fashion,Tablet,No,98,150,25.12,56.19,18.43,3,10,Occasional
1243,73,F,UK,72,11,2952,230,131,Electronics,Tablet,Yes,10,399,16.29,67.14,6.34,17,4,Occasional
1244,34,M,Germany,25,86,16114,120,310,Electronics,Mobile,Yes,87,269,11.21,92.63,40.41,49,17,Frequent
1245,66,M,UK,82,51,1087,717,347,Electronics,Tablet,Yes,48,457,18.76,61.92,8.87,48,17,Frequent
1246,19,F,Australia,89,88,7722,151,27,Home,Tablet,Yes,20,70,0.37,82.48,51.26,43,13,Frequent
1247,19,M,USA,12,41,23811,642,259,Electronics,Tablet,No,65,492,4.29,68.88,49.21,38,9,Frequent
1248,45,M,Germany,15,17,9260,400,75,Home,Tablet,Yes,62,179,22.27,55.19,1.81,15,2,Regular
1249,71,F,USA,59,76,17584,151,66,Electronics,Desktop,Yes,82,123,7.32,24.18,53.85,10,8,Frequent
1250,40,M,USA,26,46,6752,39,341,Electronics,Mobile,Yes,27,380,17.94,42.6,2.71,13,2,Frequent
1251,54,M,USA,105,32,7521,555,193,Fashion,Mobile,Yes,16,292,11.55,96.77,15.14,2,10,Regular
1252,49,M,Canada,109,79,21500,246,161,Home,Desktop,Yes,5,284,25.64,65.78,2.91,49,11,Frequent
1253,50,M,India,26,80,869,173,346,Electronics,Tablet,Yes,18,194,28.57,56.44,20.81,41,11,Frequent
1254,18,F,Canada,47,54,17827,761,360,Home,Desktop,No,55,398,26.51,93.3,31.32,37,2,Frequent
1255,36,F,India,32,86,14214,488,256,Home,Tablet,No,27,227,8.12,58.65,48.0,44,6,Frequent
1256,19,M,USA,10,92,4458,424,71,Beauty,Desktop,Yes,65,430,5.82,52.61,20.94,41,13,Frequent
1257,70,F,Germany,16,20,23264,221,86,Fashion,Mobile,No,37,429,14.23,75.93,42.62,17,10,Regular
1258,61,M,India,71,33,23086,57,261,Fashion,Mobile,Yes,36,435,0.22,71.27,12.06,19,6,Regular
1259,43,F,Australia,17,74,11643,791,213,Fashion,Mobile,Yes,67,274,0.77,19.32,45.29,47,9,Frequent
1260,49,M,Australia,23,40,18833,207,152,Beauty,Tablet,No,85,460,16.6,47.13,14.92,24,10,Frequent
1261,23,M,UK,26,32,5799,76,209,Beauty,Tablet,Yes,89,105,15.61,47.25,9.47,37,14,Regular
1262,49,M,India,85,114,17725,39,60,Fashion,Desktop,No,48,20,29.84,37.82,11.94,12,18,Frequent
1263,72,M,Germany,86,97,1225,292,267,Beauty,Desktop,Yes,42,63,6.06,51.73,11.74,3,15,Frequent
1264,21,M,Canada,7,2,10893,138,261,Beauty,Mobile,Yes,35,164,7.74,41.31,31.26,13,19,Rare
1265,72,M,USA,14,97,6864,602,217,Beauty,Tablet,Yes,57,26,3.41,19.93,50.84,32,11,Frequent
1266,28,F,UK,79,33,21585,535,282,Fashion,Desktop,No,12,310,27.53,41.24,5.7,27,17,Regular
1267,73,M,Australia,117,105,12423,240,135,Fashion,Tablet,No,51,499,23.33,7.23,42.71,36,12,Frequent
1268,34,F,Canada,7,77,13131,545,361,Fashion,Tablet,No,57,284,24.67,57.58,39.61,7,4,Frequent
1269,55,M,Canada,9,30,14152,534,92,Beauty,Mobile,Yes,31,147,27.08,85.37,52.48,43,3,Regular
1270,41,F,USA,115,33,12740,747,108,Fashion,Mobile,Yes,80,280,15.75,72.53,15.4,33,13,Regular
1271,22,F,India,48,77,7943,760,240,Beauty,Tablet,Yes,99,325,13.54,36.04,27.56,43,7,Frequent
1272,69,F,Australia,72,116,14310,355,354,Electronics,Tablet,Yes,59,318,9.91,8.71,55.62,4,8,Frequent
1273,51,M,Germany,114,26,16556,717,141,Beauty,Tablet,No,82,163,17.68,20.21,39.94,4,18,Regular
1274,23,M,Canada,59,22,21956,74,290,Home,Tablet,Yes,57,385,13.63,54.55,23.94,30,2,Regular
1275,39,F,USA,87,103,10206,519,236,Fashion,Mobile,No,98,405,13.55,20.71,8.75,44,4,Frequent
1276,28,M,Germany,93,66,5289,785,339,Fashion,Desktop,No,55,223,28.11,54.4,16.49,8,17,Frequent
1277,65,F,India,82,38,2572,555,311,Home,Mobile,Yes,27,271,29.52,23.16,35.29,41,0,Regular
1278,33,M,Australia,95,103,17191,181,176,Beauty,Desktop,No,0,145,23.89,84.89,43.37,31,7,Frequent
1279,50,F,India,94,90,18288,689,140,Electronics,Tablet,Yes,41,452,22.7,39.73,8.34,32,18,Frequent
1280,26,F,Canada,116,46,6804,613,188,Home,Desktop,Yes,81,437,20.42,24.56,36.38,2,16,Frequent
1281,23,M,Germany,39,114,3813,178,48,Home,Mobile,Yes,47,355,4.98,81.23,33.47,29,16,Frequent
1282,33,F,Germany,99,15,5151,207,301,Beauty,Mobile,Yes,39,29,1.77,34.28,31.32,49,10,Regular
1283,46,M,Germany,18,98,10856,79,189,Fashion,Tablet,Yes,96,44,20.72,11.15,41.72,11,1,Frequent
1284,20,F,Canada,59,106,2575,338,135,Beauty,Mobile,Yes,62,274,21.86,57.04,50.41,28,5,Frequent
1285,37,F,Canada,106,119,3710,230,42,Home,Tablet,Yes,75,470,1.41,58.16,20.06,2,13,Frequent
1286,53,M,India,103,44,4355,425,352,Home,Mobile,Yes,71,33,27.84,71.47,53.45,25,2,Frequent
1287,36,M,UK,17,49,14584,683,89,Fashion,Mobile,No,87,140,2.73,24.02,10.48,29,11,Frequent
1288,43,M,India,14,104,23881,128,294,Fashion,Tablet,No,79,426,8.58,44.38,11.21,8,3,Frequent
1289,20,F,Australia,31,75,1835,95,340,Fashion,Desktop,Yes,3,317,20.17,28.24,16.74,25,11,Frequent
1290,36,M,USA,24,61,8358,561,244,Beauty,Mobile,Yes,37,373,5.1,8.1,8.05,1,12,Frequent
1291,37,F,Germany,99,67,8079,333,191,Fashion,Desktop,No,26,220,1.66,87.66,14.59,2,1,Frequent
1292,49,F,UK,108,6,2528,136,317,Home,Mobile,Yes,8,355,9.93,72.89,7.28,45,1,Occasional
1293,24,M,USA,60,9,12445,723,105,Home,Mobile,No,15,21,22.98,30.15,49.48,3,14,Occasional
1294,69,M,UK,45,6,7526,38,362,Electronics,Mobile,Yes,55,179,12.41,59.94,9.2,24,16,Occasional
1295,58,F,India,98,73,8633,451,309,Beauty,Mobile,Yes,75,435,19.59,20.13,45.09,12,6,Frequent
1296,50,F,Canada,3,103,5349,704,232,Electronics,Desktop,Yes,30,366,17.39,89.02,3.83,38,13,Frequent
1297,57,M,Germany,37,95,21775,759,264,Home,Desktop,Yes,87,419,0.67,11.49,56.96,43,11,Frequent
1298,56,M,India,43,32,19301,369,343,Electronics,Mobile,No,13,328,29.66,0.38,42.96,34,16,Regular
1299,35,M,USA,40,41,20358,202,36,Home,Mobile,Yes,24,230,1.24,50.2,1.4,22,13,Frequent
1300,57,M,USA,90,114,9786,132,304,Electronics,Desktop,No,33,498,29.03,58.31,46.07,8,5,Frequent
1301,18,M,USA,55,76,14209,202,40,Fashion,Tablet,No,66,402,16.5,57.9,31.33,1,18,Frequent
1302,28,F,USA,87,8,20695,500,16,Electronics,Tablet,Yes,23,37,28.89,5.45,46.98,40,5,Occasional
1303,45,F,USA,108,72,761,165,343,Fashion,Desktop,No,72,69,3.44,31.4,31.83,43,17,Frequent
1304,74,F,UK,39,50,12175,647,276,Fashion,Mobile,Yes,25,115,14.71,49.92,38.82,30,4,Frequent
1305,42,F,India,15,92,14888,132,306,Beauty,Mobile,Yes,19,238,5.09,21.66,47.39,43,5,Frequent
1306,67,M,Germany,113,62,10160,782,58,Fashion,Tablet,No,63,334,1.53,87.26,24.9,46,1,Frequent
1307,40,M,Canada,4,84,15936,495,182,Fashion,Tablet,Yes,9,440,18.53,8.71,1.16,1,7,Frequent
1308,48,M,Canada,93,62,10626,782,40,Electronics,Desktop,Yes,82,147,6.23,48.74,51.15,31,14,Frequent
1309,47,F,India,86,111,3474,322,38,Home,Tablet,Yes,66,8,17.63,69.14,23.47,17,14,Frequent
1310,59,F,India,25,7,307,137,191,Beauty,Desktop,Yes,23,287,3.37,26.18,30.27,12,10,Occasional
1311,52,M,Canada,13,75,2765,180,266,Fashion,Tablet,No,4,387,9.96,62.42,1.46,45,0,Frequent
1312,24,M,Canada,82,84,18977,420,146,Beauty,Tablet,No,66,49,23.45,82.94,30.03,4,17,Frequent
1313,33,F,UK,33,80,23297,217,332,Electronics,Tablet,No,57,337,13.11,19.03,59.2,41,11,Frequent
1314,43,F,Australia,16,4,732,279,126,Fashion,Mobile,No,26,4,18.83,91.72,17.42,43,11,Rare
1315,65,M,Germany,109,6,3183,679,45,Electronics,Mobile,Yes,79,403,19.42,55.36,24.33,9,10,Occasional
1316,74,M,USA,42,58,13811,771,44,Beauty,Mobile,Yes,14,342,25.31,29.92,41.54,42,7,Frequent
1317,69,F,Australia,108,22,10223,66,0,Electronics,Tablet,Yes,34,125,9.75,43.09,49.07,24,6,Regular
1318,66,M,India,66,26,20203,418,167,Beauty,Desktop,Yes,75,74,20.62,31.22,25.63,33,1,Regular
1319,19,M,Canada,55,3,7223,729,107,Electronics,Desktop,Yes,52,164,28.85,72.51,19.27,36,10,Rare
1320,18,M,Australia,99,41,10854,578,18,Beauty,Desktop,No,43,277,21.91,79.63,56.33,29,9,Frequent
1321,65,F,Germany,42,60,1779,97,331,Home,Desktop,Yes,25,441,14.7,83.29,40.95,6,2,Frequent
1322,29,F,India,34,106,16001,143,71,Electronics,Mobile,Yes,46,323,18.92,98.58,8.02,5,19,Frequent
1323,22,F,USA,30,14,336,94,108,Electronics,Mobile,Yes,33,476,22.19,79.13,5.07,2,9,Occasional
1324,54,F,USA,119,75,7546,156,267,Home,Tablet,No,86,299,18.37,60.14,29.53,12,17,Frequent
1325,49,F,Germany,13,82,4543,621,239,Home,Tablet,No,94,289,0.5,33.92,13.99,2,13,Frequent
1326,72,F,Germany,13,118,23254,419,300,Electronics,Desktop,Yes,49,76,5.84,54.46,15.99,25,17,Frequent
1327,26,F,Canada,18,12,15563,524,89,Home,Mobile,Yes,83,297,24.31,4.11,52.78,23,7,Occasional
1328,58,M,USA,32,87,22583,519,102,Fashion,Desktop,No,11,136,8.18,74.48,6.28,5,9,Frequent
1329,52,M,India,96,12,8655,592,249,Beauty,Tablet,Yes,86,105,21.95,44.6,43.21,42,12,Occasional
1330,36,M,Australia,99,13,18852,157,7,Beauty,Tablet,Yes,3,94,11.16,2.0,17.0,48,7,Occasional
1331,65,M,India,39,25,16769,69,152,Beauty,Desktop,No,86,134,15.66,6.25,45.86,41,3,Regular
1332,33,M,UK,46,45,248,790,346,Fashion,Tablet,No,47,67,2.04,38.75,43.62,11,3,Frequent
1333,20,M,UK,116,115,13495,638,173,Home,Desktop,Yes,54,146,5.44,58.34,1.44,48,4,Frequent
1334,37,M,Germany,29,19,20521,644,342,Home,Mobile,No,0,489,28.72,46.42,31.04,35,0,Regular
1335,41,F,Canada,62,55,23033,273,157,Electronics,Desktop,No,88,477,26.7,61.92,9.22,1,16,Frequent
1336,71,F,UK,113,110,23605,649,214,Home,Mobile,Yes,65,158,19.57,48.03,52.11,10,1,Frequent
1337,73,M,USA,93,100,4995,729,176,Electronics,Mobile,No,29,383,13.79,66.17,52.42,38,7,Frequent
1338,50,M,India,62,45,21764,582,174,Fashion,Tablet,No,2,162,20.27,21.91,25.68,33,6,Frequent
1339,41,F,India,117,8,17496,776,339,Beauty,Tablet,No,20,440,18.56,11.28,27.22,25,14,Occasional
1340,69,M,Germany,108,93,11123,445,337,Beauty,Tablet,No,88,340,17.06,59.64,18.89,17,4,Frequent
1341,28,M,Australia,57,119,10799,566,145,Beauty,Desktop,Yes,83,188,1.78,48.47,43.28,20,1,Frequent
1342,66,F,Germany,16,53,9815,321,323,Home,Desktop,Yes,48,414,18.98,2.69,22.16,35,6,Frequent
1343,25,M,Australia,56,55,19269,600,160,Electronics,Tablet,Yes,85,338,23.07,38.05,16.8,39,7,Frequent
1344,53,F,Germany,108,32,20209,368,126,Electronics,Desktop,Yes,84,94,29.82,10.61,26.5,45,6,Regular
1345,55,M,Germany,111,51,16263,68,81,Fashion,Tablet,Yes,61,180,0.33,53.14,6.4,43,6,Frequent
1346,57,F,Germany,10,44,21060,93,146,Home,Desktop,No,96,287,21.91,39.58,45.05,21,13,Frequent
1347,37,F,Australia,30,82,5882,723,238,Fashion,Mobile,No,37,321,17.15,61.32,1.74,29,17,Frequent
1348,52,F,Australia,25,70,22741,280,83,Electronics,Mobile,No,14,186,13.02,80.56,39.02,49,5,Frequent
1349,65,M,Germany,103,18,18892,375,112,Electronics,Tablet,No,51,371,3.83,29.97,11.79,42,3,Regular
1350,42,F,UK,84,83,16824,601,224,Beauty,Desktop,No,78,137,12.27,96.21,14.71,29,9,Frequent
1351,52,M,Canada,5,22,2917,621,331,Home,Desktop,Yes,45,129,10.63,53.56,38.5,7,17,Regular
1352,42,M,Canada,65,37,15196,279,242,Electronics,Mobile,Yes,24,193,9.08,61.83,59.58,33,11,Regular
1353,46,M,Canada,94,96,18980,657,142,Beauty,Mobile,Yes,20,315,21.93,68.07,46.89,46,15,Frequent
1354,35,M,Australia,49,56,22446,762,40,Home,Tablet,No,87,471,21.02,66.67,14.32,8,6,Frequent
1355,63,F,Australia,3,105,5399,314,257,Fashion,Mobile,Yes,4,272,17.67,51.1,11.39,19,5,Frequent
1356,35,F,UK,45,59,10017,660,284,Home,Tablet,No,69,351,28.16,42.88,52.11,39,4,Frequent
1357,19,M,Canada,14,3,24058,332,104,Home,Mobile,Yes,46,143,10.5,5.38,27.21,24,2,Rare
1358,71,M,Canada,30,28,18173,631,201,Electronics,Mobile,No,86,15,7.31,2.21,9.09,18,11,Regular
1359,52,F,Germany,114,74,3367,201,306,Electronics,Desktop,No,67,301,19.68,35.8,51.87,4,14,Frequent
1360,33,M,Australia,68,115,4506,705,330,Home,Mobile,No,90,422,5.96,33.37,49.15,10,9,Frequent
1361,58,F,Canada,18,35,24937,383,265,Electronics,Mobile,No,17,244,9.45,38.77,59.05,14,19,Regular
1362,53,M,India,62,61,17926,207,209,Electronics,Tablet,No,20,414,6.74,13.84,54.67,7,18,Frequent
1363,50,M,UK,37,93,10482,588,50,Electronics,Mobile,No,91,106,2.07,73.82,51.26,18,15,Frequent
1364,21,F,India,25,54,4537,562,117,Beauty,Tablet,No,98,87,24.82,85.7,4.1,22,10,Frequent
1365,50,M,India,48,63,5535,615,200,Beauty,Mobile,No,85,128,7.64,93.87,7.16,26,7,Frequent
1366,31,F,UK,65,79,24919,683,38,Home,Mobile,No,22,394,14.19,49.24,34.57,39,2,Frequent
1367,38,M,India,53,97,4207,567,27,Electronics,Tablet,Yes,63,374,1.3,70.09,32.36,31,6,Frequent
1368,65,M,Canada,110,7,660,744,258,Beauty,Desktop,Yes,66,340,20.98,85.56,28.02,25,6,Occasional
1369,37,M,Australia,79,76,12429,427,83,Home,Tablet,Yes,39,3,9.92,41.83,24.41,26,13,Frequent
1370,73,F,UK,73,49,22032,637,154,Electronics,Tablet,Yes,9,326,22.34,30.94,26.44,18,1,Frequent
1371,25,M,Germany,15,94,1926,433,116,Fashion,Tablet,Yes,88,409,12.37,93.67,34.59,49,9,Frequent
1372,24,M,India,49,85,11521,361,1,Electronics,Desktop,No,51,366,5.87,51.57,1.12,41,18,Frequent
1373,20,M,UK,88,31,12365,239,92,Electronics,Mobile,No,71,305,15.4,49.73,16.38,28,8,Regular
1374,34,M,USA,68,58,7729,182,165,Beauty,Tablet,No,74,395,3.92,17.84,31.58,38,15,Frequent
1375,50,F,USA,12,61,8425,239,349,Home,Tablet,Yes,60,94,13.22,10.82,43.61,40,18,Frequent
1376,65,F,Australia,59,24,19622,289,295,Home,Desktop,Yes,63,208,9.52,84.21,11.28,32,17,Regular
1377,29,M,Canada,37,20,7793,651,257,Beauty,Tablet,Yes,4,224,27.36,61.41,33.27,18,8,Regular
1378,68,F,Australia,61,37,8364,419,80,Electronics,Mobile,Yes,52,458,1.83,32.58,43.15,36,15,Regular
1379,39,M,Australia,101,4,12786,201,267,Fashion,Desktop,Yes,54,347,20.82,19.17,27.23,18,12,Rare
1380,72,M,Australia,43,92,13816,637,234,Electronics,Mobile,Yes,36,479,5.48,55.55,2.6,32,9,Frequent
1381,39,M,Australia,70,108,24326,748,320,Electronics,Mobile,No,55,320,9.57,58.39,27.51,46,19,Frequent
1382,63,F,Germany,39,20,6821,224,310,Fashion,Desktop,No,58,46,12.47,20.7,18.49,15,13,Regular
1383,47,F,Germany,56,60,23486,601,300,Beauty,Tablet,Yes,92,475,27.24,85.14,55.85,22,11,Frequent
1384,55,F,UK,63,24,20709,575,356,Home,Mobile,Yes,68,180,7.28,8.43,8.35,6,18,Regular
1385,55,F,USA,46,50,19462,247,212,Beauty,Mobile,Yes,72,105,2.74,35.61,39.5,25,6,Frequent
1386,62,F,Australia,88,49,7473,715,61,Beauty,Mobile,Yes,58,198,9.56,68.04,4.11,31,14,Frequent
1387,68,F,UK,11,51,6007,638,48,Electronics,Mobile,No,1,385,3.14,27.41,27.32,11,15,Frequent
1388,71,F,USA,62,96,22581,615,126,Home,Desktop,Yes,64,105,3.86,82.77,33.68,7,7,Frequent
1389,25,F,India,77,105,16227,269,222,Home,Desktop,Yes,59,279,17.22,73.99,18.58,4,9,Frequent
1390,44,F,Canada,98,36,5756,460,278,Beauty,Mobile,Yes,50,259,1.83,78.9,27.85,41,3,Regular
1391,44,M,Germany,25,117,9084,552,293,Fashion,Tablet,Yes,29,107,0.93,11.91,10.65,27,18,Frequent
1392,51,F,India,71,98,20743,215,283,Beauty,Mobile,No,10,18,21.43,14.05,18.94,4,18,Frequent
1393,38,F,USA,52,100,8386,709,276,Fashion,Tablet,No,91,409,10.85,28.65,37.65,48,14,Frequent
1394,47,F,India,4,66,6001,538,106,Home,Mobile,No,75,458,3.76,51.81,18.81,25,13,Frequent
1395,50,F,Canada,59,79,5017,89,145,Beauty,Tablet,Yes,38,295,7.61,74.8,54.08,4,0,Frequent
1396,45,F,USA,72,34,8529,658,98,Electronics,Mobile,Yes,89,305,19.26,83.65,38.08,21,15,Regular
1397,64,F,India,20,36,14816,418,72,Beauty,Tablet,Yes,76,170,8.27,70.43,26.88,14,9,Regular
1398,50,F,Germany,93,6,15895,691,121,Home,Mobile,No,71,330,14.84,92.86,3.29,12,18,Occasional
1399,22,F,Germany,63,39,11238,779,29,Electronics,Mobile,Yes,62,492,3.65,73.87,30.47,27,2,Regular
1400,65,F,UK,54,42,2630,222,187,Electronics,Tablet,Yes,63,194,17.64,30.63,46.12,32,4,Frequent
1401,36,F,India,117,115,18444,167,363,Fashion,Desktop,No,60,11,9.48,26.51,16.67,42,8,Frequent
1402,21,F,Australia,115,115,23529,491,353,Electronics,Tablet,No,53,194,18.81,69.62,48.6,22,17,Frequent
1403,52,M,India,109,58,17532,674,287,Electronics,Desktop,Yes,91,489,24.25,19.29,15.86,32,10,Frequent
1404,66,M,USA,110,118,5872,218,194,Beauty,Mobile,Yes,93,282,18.35,9.27,49.6,42,15,Frequent
1405,34,F,USA,74,12,15576,445,155,Home,Tablet,Yes,72,368,8.87,53.22,6.03,17,1,Occasional
1406,61,F,India,107,3,19013,685,171,Fashion,Tablet,No,94,181,7.67,82.16,52.1,49,11,Rare
1407,45,M,Canada,98,109,15851,511,334,Beauty,Tablet,Yes,57,449,9.82,10.14,30.45,29,5,Frequent
1408,47,F,Germany,57,18,3064,161,40,Electronics,Desktop,No,84,304,4.94,79.19,18.5,25,10,Regular
1409,46,M,USA,90,40,7237,332,62,Electronics,Desktop,Yes,55,143,5.44,81.16,16.64,15,7,Frequent
1410,63,M,Germany,41,21,17447,184,22,Fashion,Mobile,No,33,385,23.72,48.23,26.49,12,11,Regular
1411,70,M,USA,113,15,17020,333,359,Home,Desktop,No,30,315,11.54,5.73,59.94,38,1,Regular
1412,23,M,UK,3,97,13991,40,74,Fashion,Desktop,Yes,51,181,13.08,17.46,14.0,32,8,Frequent
1413,52,M,Australia,6,99,7440,101,47,Beauty,Mobile,No,88,29,17.82,70.74,7.09,25,14,Frequent
1414,58,F,USA,5,26,23663,600,159,Fashion,Tablet,Yes,75,83,17.69,71.18,35.52,47,1,Regular
1415,54,M,Germany,5,8,8067,150,312,Electronics,Tablet,No,0,165,2.02,89.84,29.82,0,0,Occasional
1416,41,F,UK,54,100,12515,618,117,Beauty,Mobile,No,54,283,24.95,58.27,31.93,48,9,Frequent
1417,46,F,USA,47,112,11971,749,99,Electronics,Tablet,Yes,21,280,5.32,12.41,40.35,37,1,Frequent
1418,66,M,Canada,87,94,12016,324,166,Home,Desktop,No,39,95,21.69,12.14,16.76,1,11,Frequent
1419,63,M,Australia,49,87,8834,390,289,Electronics,Mobile,No,0,380,23.18,72.11,54.73,48,7,Frequent
1420,70,F,USA,9,42,945,403,155,Electronics,Mobile,Yes,64,265,21.45,18.38,26.7,5,4,Frequent
1421,48,M,UK,99,44,22261,464,6,Fashion,Mobile,Yes,62,443,17.37,32.84,8.62,45,0,Frequent
1422,52,M,Canada,20,14,19520,444,195,Electronics,Tablet,No,53,297,0.44,48.72,44.8,49,14,Occasional
1423,50,F,India,113,78,22431,180,55,Beauty,Mobile,No,41,295,10.81,2.48,38.94,37,5,Frequent
1424,69,F,UK,61,2,2594,197,320,Beauty,Mobile,Yes,20,224,18.15,24.88,19.63,41,11,Rare
1425,38,M,UK,106,119,12777,648,192,Home,Mobile,Yes,78,332,11.62,40.79,37.67,23,7,Frequent
1426,49,F,Canada,35,37,19203,727,46,Beauty,Tablet,Yes,80,360,25.9,27.96,13.97,17,12,Regular
1427,40,M,UK,50,69,18368,509,147,Fashion,Desktop,Yes,21,373,9.26,13.64,27.25,26,18,Frequent
1428,50,M,Canada,82,38,12430,346,274,Home,Mobile,Yes,37,41,8.81,72.8,54.07,40,0,Regular
1429,20,M,USA,62,109,20833,617,156,Beauty,Desktop,No,98,302,7.98,81.31,8.88,7,10,Frequent
1430,35,F,Canada,17,41,5279,308,201,Fashion,Tablet,Yes,79,420,9.98,25.75,23.82,27,19,Frequent
1431,42,F,Canada,88,62,6710,612,125,Beauty,Tablet,No,7,245,16.72,77.44,49.45,9,0,Frequent
1432,59,F,Australia,3,118,6530,683,304,Beauty,Tablet,Yes,61,207,21.21,38.56,58.2,16,7,Frequent
1433,48,F,Canada,32,60,7254,592,293,Electronics,Tablet,Yes,46,236,19.88,50.67,27.78,28,4,Frequent
1434,71,F,Canada,99,111,13928,592,63,Beauty,Desktop,Yes,16,21,24.23,85.6,30.91,5,16,Frequent
1435,20,M,India,102,14,10245,373,324,Beauty,Mobile,Yes,16,184,26.58,75.0,34.76,13,7,Occasional
1436,57,M,USA,13,103,6588,47,175,Fashion,Tablet,No,89,467,24.48,80.51,56.01,21,9,Frequent
1437,63,M,Australia,111,89,21221,62,115,Fashion,Tablet,No,12,241,0.57,13.68,51.63,5,1,Frequent
1438,41,M,India,89,84,23009,700,203,Electronics,Desktop,No,16,362,22.08,6.97,11.07,25,8,Frequent
1439,67,F,Germany,73,2,3950,442,320,Beauty,Desktop,No,37,282,6.25,89.34,26.77,38,2,Rare
1440,49,M,USA,68,103,17173,617,30,Electronics,Tablet,No,80,40,3.99,38.78,28.38,11,17,Frequent
1441,64,F,USA,14,70,13664,196,112,Beauty,Mobile,Yes,77,335,19.15,28.79,47.56,34,6,Frequent
1442,39,M,Germany,101,17,21659,548,364,Home,Mobile,No,44,161,9.59,72.47,36.57,13,14,Regular
1443,40,F,Canada,98,89,5178,629,324,Home,Tablet,No,5,159,1.71,83.64,39.6,21,19,Frequent
1444,19,F,India,11,28,12268,513,343,Electronics,Desktop,Yes,34,473,4.13,86.25,59.89,22,17,Regular
1445,44,M,UK,105,66,5548,217,66,Electronics,Tablet,No,13,88,0.03,31.6,5.42,47,2,Frequent
1446,59,M,Australia,56,35,17663,629,74,Electronics,Tablet,Yes,71,321,27.1,85.22,14.16,6,13,Regular
1447,19,M,UK,67,101,9174,596,44,Fashion,Desktop,Yes,60,11,0.74,4.09,25.07,39,1,Frequent
1448,43,M,Germany,92,5,6506,536,259,Fashion,Tablet,No,14,423,6.28,4.97,21.52,49,13,Occasional
1449,34,F,USA,29,65,23391,533,153,Fashion,Tablet,Yes,53,72,12.49,62.35,2.28,24,10,Frequent
1450,57,M,USA,9,40,8900,41,154,Electronics,Tablet,Yes,26,75,10.7,6.31,6.41,12,15,Frequent
1451,50,M,Australia,67,76,14183,131,362,Beauty,Desktop,No,12,345,27.35,32.46,41.18,20,7,Frequent
1452,26,F,USA,25,56,1738,76,233,Home,Mobile,No,30,200,1.21,67.28,52.88,40,6,Frequent
1453,60,M,USA,98,36,22155,85,50,Electronics,Mobile,Yes,34,9,15.37,33.73,31.34,9,10,Regular
1454,71,M,Australia,76,45,23412,117,305,Fashion,Desktop,No,59,351,20.41,17.96,32.81,8,2,Frequent
1455,65,M,India,42,23,10440,163,261,Fashion,Mobile,Yes,5,225,27.95,28.14,16.05,14,16,Regular
1456,56,M,India,9,47,1482,454,314,Electronics,Tablet,Yes,68,175,18.61,45.76,46.3,1,13,Frequent
1457,46,M,Australia,79,31,1503,656,124,Electronics,Mobile,No,85,275,24.11,47.54,45.36,24,5,Regular
1458,59,F,Germany,40,11,9111,698,244,Fashion,Tablet,No,57,38,2.51,78.3,35.71,12,7,Occasional
1459,72,M,USA,25,10,3392,105,29,Beauty,Mobile,Yes,48,59,11.58,75.02,13.55,33,4,Occasional
1460,43,M,USA,5,67,9111,607,121,Fashion,Desktop,No,22,65,11.22,45.68,6.72,33,7,Frequent
1461,52,M,Germany,11,118,519,363,124,Fashion,Mobile,No,88,320,26.59,84.57,4.79,34,1,Frequent
1462,67,M,India,59,14,12511,313,36,Electronics,Mobile,Yes,33,434,4.54,11.42,35.97,37,14,Occasional
1463,42,M,Canada,98,80,4617,590,169,Beauty,Mobile,Yes,25,123,4.56,25.54,49.68,2,11,Frequent
1464,41,F,Canada,88,74,19786,669,123,Fashion,Desktop,Yes,46,163,9.86,82.8,51.64,41,16,Frequent
1465,30,M,Canada,79,93,24341,630,356,Fashion,Mobile,No,4,407,1.63,37.8,28.35,5,0,Frequent
1466,24,F,India,38,10,15522,723,34,Home,Desktop,No,89,410,5.47,98.12,47.27,47,14,Occasional
1467,74,F,India,72,76,9800,262,86,Electronics,Tablet,No,19,385,28.96,46.63,56.87,48,13,Frequent
1468,53,M,Germany,5,94,24354,580,133,Home,Mobile,No,5,158,12.85,79.19,17.24,18,19,Frequent
1469,62,M,USA,48,105,5793,51,195,Home,Desktop,No,69,56,18.96,40.23,24.48,2,15,Frequent
1470,37,M,Germany,90,1,867,410,273,Fashion,Desktop,Yes,58,77,21.78,42.5,55.96,17,8,Rare
1471,18,M,Germany,18,5,18528,296,200,Electronics,Mobile,Yes,63,193,11.01,38.29,20.96,38,0,Occasional
1472,25,F,India,70,20,14918,551,284,Beauty,Tablet,Yes,17,284,4.42,71.91,54.92,8,16,Regular
1473,63,M,Canada,37,8,1649,173,76,Fashion,Desktop,Yes,3,14,6.2,54.75,58.88,11,12,Occasional
1474,33,M,UK,60,43,10056,402,58,Beauty,Mobile,No,16,11,9.4,94.38,40.05,4,4,Frequent
1475,31,M,USA,48,76,6240,87,125,Beauty,Tablet,No,13,100,19.08,25.09,49.2,2,9,Frequent
1476,29,M,India,77,1,10937,233,108,Electronics,Desktop,Yes,77,155,11.95,10.06,45.22,10,5,Rare
1477,68,M,Canada,28,57,3816,674,223,Home,Desktop,Yes,12,339,0.2,39.33,42.27,29,18,Frequent
1478,40,M,UK,69,64,4581,395,277,Electronics,Tablet,No,6,124,15.7,61.67,19.11,3,12,Frequent
1479,32,F,UK,77,118,24382,763,67,Beauty,Tablet,Yes,43,358,27.65,86.08,4.37,4,0,Frequent
1480,45,F,India,81,84,6648,232,68,Fashion,Mobile,Yes,14,279,24.36,34.62,21.24,0,19,Frequent
1481,51,M,Australia,114,28,18777,98,164,Beauty,Mobile,Yes,18,404,24.76,65.38,40.35,26,14,Regular
1482,19,M,USA,40,107,4937,745,304,Fashion,Desktop,Yes,62,393,23.85,35.02,7.05,27,13,Frequent
1483,49,M,UK,45,37,7858,647,161,Fashion,Tablet,No,34,109,9.71,61.72,1.7,28,7,Regular
1484,40,F,India,96,47,11000,623,364,Electronics,Tablet,Yes,80,333,22.96,88.48,9.24,17,9,Frequent
1485,39,M,India,62,101,23277,400,341,Beauty,Tablet,Yes,34,356,4.29,23.14,43.23,11,8,Frequent
1486,68,F,Canada,93,76,24122,699,308,Home,Desktop,Yes,18,145,19.73,40.42,58.39,12,16,Frequent
1487,42,M,Australia,115,37,8093,77,342,Beauty,Tablet,No,19,215,19.25,99.33,59.0,40,8,Regular
1488,39,M,USA,58,49,22491,45,41,Beauty,Tablet,Yes,99,397,0.77,86.86,30.14,1,2,Frequent
1489,39,M,Germany,67,113,5642,466,353,Home,Desktop,Yes,34,161,23.64,56.46,52.29,36,10,Frequent
1490,66,M,Canada,56,44,22840,85,108,Electronics,Mobile,Yes,31,127,27.1,51.66,44.47,44,11,Frequent
1491,69,F,UK,40,56,24917,779,50,Beauty,Mobile,Yes,47,313,8.02,28.46,30.56,15,9,Frequent
1492,59,F,UK,98,28,14928,273,249,Beauty,Desktop,Yes,43,331,24.37,51.72,34.79,47,16,Regular
1493,23,M,Canada,40,111,23864,63,340,Fashion,Tablet,No,23,149,2.47,84.82,9.1,23,16,Frequent
1494,32,M,India,91,79,16152,116,20,Beauty,Desktop,Yes,60,453,18.0,68.52,56.32,34,10,Frequent
1495,71,F,UK,77,6,2485,573,299,Home,Mobile,Yes,16,35,14.57,29.0,21.76,21,3,Occasional
1496,60,F,Australia,109,108,14408,246,138,Fashion,Mobile,No,70,172,16.38,20.15,27.32,35,6,Frequent
1497,54,F,USA,33,61,20752,793,358,Electronics,Desktop,Yes,49,419,27.79,26.52,40.63,10,13,Frequent
1498,50,F,Australia,6,20,771,698,323,Fashion,Desktop,Yes,64,21,26.14,16.98,20.7,45,6,Regular
1499,25,M,UK,88,114,263,455,91,Home,Mobile,Yes,98,205,23.55,9.56,16.0,28,7,Frequent
